{"sections":{"main":{"type":"sub-hero-image","disabled":true,"settings":{"section_css_class":""}},"3f192b0a-6788-4de5-a717-b6210a10ce82":{"type":"slideshow","disabled":true,"blocks":{"template--16065715110048__3f192b0a-6788-4de5-a717-b6210a10ce82-1688653402a977aea6-0":{"type":"image","settings":{"slide-title":"Slideshow","slide-tagline":"Introduce your store or campaign with this slideshow section.","slide-link-url":"","slide-link-title":"Link to content","slide-y-pos":"middle","slide-x-pos":"left","slide-text-pos":"text-left"}},"template--16065715110048__3f192b0a-6788-4de5-a717-b6210a10ce82-1688653402a977aea6-1":{"type":"image","settings":{"slide-title":"Slideshow","slide-tagline":"Introduce your store or campaign with this slideshow section.","slide-link-url":"","slide-link-title":"Link to content","slide-y-pos":"middle","slide-x-pos":"left","slide-text-pos":"text-left"}}},"block_order":["template--16065715110048__3f192b0a-6788-4de5-a717-b6210a10ce82-1688653402a977aea6-0","template--16065715110048__3f192b0a-6788-4de5-a717-b6210a10ce82-1688653402a977aea6-1"],"settings":{"autoplay":true,"transition_style":"default","rotate-frequency-range":7}}},"order":["main","3f192b0a-6788-4de5-a717-b6210a10ce82"]}