{"sections":{"main":{"type":"framework--blog","disabled":true,"settings":{"show-title":true,"show-tag-filter":true,"show-excerpt":true,"show-rss":true,"columns":2,"show-featured":true,"tag":"featured","image-height":"medium","alt-color":true,"apply-overlay":true}},"7bfb39d0-57dd-4843-baa7-cc28cd83d4b1":{"type":"framework--featured-blog","settings":{"background-color":"none","blog-heading":"News from Naari","blog":"news","tag-select":"pinned","show-date":true,"show-excerpt":true,"view-more-text":""}}},"order":["main","7bfb39d0-57dd-4843-baa7-cc28cd83d4b1"]}