{"current":{"color--accent":"#cccccc","color-text":"#444444","color--alternative":"#2a648b","color-page-bg":"#ffffff","color-panel-bg":"#ffffff","color-border":"#ebebeb","color-error":"#f66767","color-button":"#ffffff","color-button-bg":"#444444","color-header-bg":"#ffffff","color-header":"#444444","color-header-cart":"#444444","bg-color--footer":"#ffffff","color--footer":"#333333","color-slider-caption":"#444444","color-slider-caption-bg":"#ffffff","color-slider-button":"#f7f7f7","color-slider-button-bg":"#444444","color-slider-nav":"#444444","color-grid-sale":"#ffffff","color-grid-sale-bg":"#444444","color-grid-sold-out":"#ffffff","color-grid-sold-out-bg":"#cccccc","color-tabs-accordions":"#ebebeb","typography--heading":"nunito_n4","typography--heading--uppercase":false,"typography--heading--size":"medium","typography--accent":"nunito_n4","typography--paragraph":"nunito_n4","typography--paragraph--size":"medium","hover-image-enabled":true,"brand-show":false,"search--show-in-header":true,"search--show-articles":true,"search--show-pages":true,"social--facebook--url":"https:\/\/www.facebook.com\/himalayan.naari\/","social--twitter--url":"","social--instagram--url":"https:\/\/www.instagram.com\/himalayan.naari\/","social--vimeo--url":"","social--pinterest--url":"","social--youtube--url":"","popup--enabled":false,"popup--test-mode":false,"popup--image":"shopify:\/\/shop_images\/ball_of_wool_image.jpg","popup--image-url":"","popup--page-content":"","popup--newsletter--enabled":true,"popup--newsletter--heading":"Sign up for our mailing list?","popup--social-icons--enabled":true,"popup--seconds-range":10,"popup--days-range":30,"favicon":"shopify:\/\/shop_images\/ball_of_wool_image.jpg","hide-tags":"featured, pinned","cart--type":"drawer","cart--show-note":true,"checkout_header_image":"","checkout_logo_image":"","checkout_logo_position":"left","checkout_logo_size":"medium","checkout_body_background_image":"","checkout_body_background_color":"#fff","checkout_input_background_color_mode":"white","checkout_sidebar_background_image":"","checkout_sidebar_background_color":"#fafafa","checkout_heading_font":"-apple-system, BlinkMacSystemFont, 'Segoe UI', Roboto, Helvetica, Arial, sans-serif, 'Apple Color Emoji', 'Segoe UI Emoji', 'Segoe UI Symbol'","checkout_body_font":"-apple-system, BlinkMacSystemFont, 'Segoe UI', Roboto, Helvetica, Arial, sans-serif, 'Apple Color Emoji', 'Segoe UI Emoji', 'Segoe UI Symbol'","checkout_accent_color":"#197bbd","checkout_button_color":"#197bbd","checkout_error_color":"#e32c2b","color-text-alt":"#999999","color-button-bg-hover":"#777777","color-twitter-tone":"light","color-slider-button-hover-bg":"#999999","color-product-slider-bg":"#ffffff","color-featured-promo-bg":"#f7f7f7","color-social-feed-bg":"#ffffff","color-product-cart-button":"#f7f7f7","color-product-cart-button-bg":"#444444","color-product-cart-button-bg-hover":"#999999","sections":{"header":{"type":"header","settings":{"transparent-menu":false,"header-account-show":true,"cart--icon":"bag","header-menu-center":true,"menu":"header-menu","show-currency-selector":true,"show-locale-selector":true,"header-logo-center":true,"logo":"shopify:\/\/shop_images\/log_-_naari_tall.jpg","logo-height":100}},"product":{"type":"product","settings":{"product-breadcrumbs-show":true,"smart_payment_button":true,"product-unavailable-form-show":true,"low-in-stock-amount":0,"product-modal-enabled":true,"image-zoom-enabled":true,"loop-enabled":false,"cart-form-position":"left","product-size-chart-enabled":false,"product-size-chart-option":"size","product-size-chart-page-content":"","product-share-this-show":true,"product-share-twitter":true,"product-share-facebook":true,"product-share-pinterest":true}},"collection":{"type":"collection","settings":{"collections-breadcrumbs-show":true,"collections-tags-show":true,"show-title":false,"collections-products-per-row":"4","mobile-items-per-row":"2"}},"announcement":{"type":"announcement","settings":{"enabled":true,"home-page-only":false,"background-color":"none","alternative-color":true,"text":"🏔 Free shipping for orders above $49.99 to continental U.S. destinations.🏔","link":""}},"framework--footer":{"type":"framework--footer","blocks":{"1593032458666":{"type":"menu","settings":{"menu-title":"More Info","menu":"new-footer-menu"}},"1595796827721":{"type":"about","settings":{"about-title":"Contact us","text":"<p>info @ himalayan-naari.in<\/p><p><\/p>","subscribe--show-social-icons":true}},"1598743691099":{"type":"subscribe","settings":{"newsletter--heading":"","newsletter--info":"","subscribe--show-newsletter":true}}},"block_order":["1593032458666","1595796827721","1598743691099"],"settings":{"Image":"shopify:\/\/shop_images\/education-foundation.png","Image1":"shopify:\/\/shop_images\/logs.png","show-currency-selector":true,"show-locale-selector":true,"show-payment-icons":true}},"framework--product-recommendations":{"type":"framework--product-recommendations","settings":{"section_css_class":"custom_slider","product-similar-products-show":true,"product-similar-products-heading":"You may also like"}},"5271c618-45df-48e5-9b47-c7ae4155554e":{"type":"slideshow","blocks":{"5271c618-45df-48e5-9b47-c7ae4155554e-1688446500d406cecc-0":{"type":"image","settings":{"image":"shopify:\/\/shop_images\/banner.png","slide-title":"Fair trade","slide-tagline":"from the hills of the himalaya","slide-link-url":"","slide-link-title":"","slide-y-pos":"middle","slide-x-pos":"left","slide-text-pos":"text-left"}},"5271c618-45df-48e5-9b47-c7ae4155554e-1688446500d406cecc-1":{"type":"image","settings":{"image":"shopify:\/\/shop_images\/banner-2_1.png","slide-title":"Himalayan Naari - Knitting Lives. Changing World","slide-tagline":"","slide-link-url":"","slide-link-title":"","slide-y-pos":"middle","slide-x-pos":"left","slide-text-pos":"text-left"}}},"block_order":["5271c618-45df-48e5-9b47-c7ae4155554e-1688446500d406cecc-0","5271c618-45df-48e5-9b47-c7ae4155554e-1688446500d406cecc-1"],"settings":{"autoplay":true,"transition_style":"default","rotate-frequency-range":7}},"5dc7a414-ff8c-4410-90b6-da17f501566e":{"type":"feature-tab","settings":{"section_css_class":"","Image":"shopify:\/\/shop_images\/feature1.png","text":"Peace Fleece Beanies","link1":"shopify:\/\/collections\/mittens","Image2":"shopify:\/\/shop_images\/feature2.png","text2":"Merino popcorn wrap","link2":"shopify:\/\/products\/merino-popcorn-wrap","Image3":"shopify:\/\/shop_images\/feature3.png","text3":"Narri Beret","link3":"shopify:\/\/products\/naati-beret"}},"d176405c-bf9b-4e40-832d-338aaf45784d":{"type":"about-us","settings":{"Image":"shopify:\/\/shop_images\/himalayan-hills-e1597212108729-730x450_7d45b095-5479-462f-8c9f-880aeafe35ba.jpg","heading":"Nari","text":"In three remote villages, tucked into the Indian Himalayan mountains, members of the self-help collective called Himalayan Naari are revitalizing traditional woolen crafts. Through this regeneration of knitting and weaving practices, over 100 Naari artisans are improving their lives and strengthening local communities while creating a sustainable global business.","text2":"The women of Naari create beautiful handmade products by combining traditional techniques and natural materials with modern designs. The artisan knowledge that has been passed down from generation to generation is now being shared with the world thanks to Himalayan Naari. Customers receive unique, high quality items inspired by the traditions and aesthetics of the Himalayan landscape.","text3":"","link":"https:\/\/himalayan-naari.in\/"}},"d039426a-98d9-434e-b7f9-6e30d00e1912":{"type":"narri","settings":{"Image":"shopify:\/\/shop_images\/narri.png","heading":"About Us","text":"","text2":"Himalayan Naari located in Chakouri, a remote village in the Indian Himalayas. \nThe women of Naari create beautiful handmade products by combining traditional techniques and natural materials with modern designs. The artisan knowledge that has been passed down from generation to generation is now being shared with the world","text3":"","text4":"The women of Naari create beautiful handmade products by combining traditional techniques and natural materials with modern designs. The artisan knowledge that has been passed down from generation to generation is now being shared with the world.  All of their products are made by knitters from Naari and weavers from the Maati collective.","link":"shopify:\/\/pages\/how-it-all-began-1"}},"16a31133-ab9d-4a58-81eb-16dd88bc3127":{"type":"kids-products","settings":{"Image":"shopify:\/\/shop_images\/kids_img.png","heading":"Kids Collection","text":"Your purchase helps build economic security for artisans in the Andes Mountains.","link":""}},"66d57678-2d1f-4253-a1cd-ed5124a0070c":{"type":"proud-members","settings":{"heading":"We are proud members of","Image":"shopify:\/\/shop_images\/faire.png","Image2":"shopify:\/\/shop_images\/mb.png"}},"db5a9d9e-412e-417e-8b11-c843e8a8be1c":{"type":"before-footer","settings":{"heading":"Himalayan Naari - Knitting Lives. Changing World"}},"d41f4dfe-4876-46d9-a29f-2b0f3d492c74":{"type":"product-icons","settings":{"section_css_class":"","Image":"shopify:\/\/shop_images\/Untitled-1_7274d730-d8d9-40ed-929e-8d95e27c053f.png","text":"Collection","link1":"shopify:\/\/collections","Image2":"shopify:\/\/shop_images\/02_01d84d6d-b53e-4cee-afd9-27f3d0c8a95f.png","text2":"Naari Model","link2":"shopify:\/\/collections","Image3":"shopify:\/\/shop_images\/03_94cbc946-d3de-4a3c-bcd7-4134fe81a0b5.png","text3":"Reviving Traditional Crafts","link3":"shopify:\/\/collections","Image4":"shopify:\/\/shop_images\/04_7079694c-a456-4606-9567-7b9a3f17de7a.png","text4":"Strengthening Communities","link4":"shopify:\/\/collections"}},"b736ada7-c161-400e-8135-ea83fad8cdc0":{"type":"product-slider","settings":{"section_css_class":"custom_slider","background-color":"none","home-product-slider-collection":"mittens","max_products":12}},"ae649f0f-374d-44c5-a692-b6f7c289dc4e":{"type":"sub_banner","settings":{"heading":"Naari : (naari), n., 1. the common Hindi word for woman<br> 2. A woman of incredible strength, resolve, and grace","text2":"","text4":"","heading3":""}}},"content_for_index":["5271c618-45df-48e5-9b47-c7ae4155554e","ae649f0f-374d-44c5-a692-b6f7c289dc4e","d41f4dfe-4876-46d9-a29f-2b0f3d492c74","5dc7a414-ff8c-4410-90b6-da17f501566e","d176405c-bf9b-4e40-832d-338aaf45784d","b736ada7-c161-400e-8135-ea83fad8cdc0","d039426a-98d9-434e-b7f9-6e30d00e1912","16a31133-ab9d-4a58-81eb-16dd88bc3127","66d57678-2d1f-4253-a1cd-ed5124a0070c","db5a9d9e-412e-417e-8b11-c843e8a8be1c"]},"presets":{"Beauty":{"typography--heading":"roboto_n7","typography--heading--uppercase":true,"typography--heading--size":"small","typography--accent":"karla_n4","typography--paragraph":"roboto_n4","typography--paragraph--size":"medium","color--accent":"#ffd7d7","color-text":"#272727","color-text-alt":"#999999","color-page-bg":"#ffffff","color-panel-bg":"#f7f7f7","color-border":"#ebebeb","color-error":"#f66767","color-button":"#ffffff","color-button-bg":"#272727","color-button-bg-hover":"#777777","color-twitter-tone":"light","color-header-bg":"#ffd7d7","color-header":"#272727","color-header-cart":"#272727","bg-color--footer":"#ffd7d7","color--footer":"#272727","color-slider-caption":"#272727","color-slider-caption-bg":"#ffffff","color-slider-button":"#f7f7f7","color-slider-button-bg":"#272727","color-slider-button-hover-bg":"#474747","color-slider-nav":"#272727","color-product-slider-bg":"#ffffff","color-featured-promo-bg":"#f7f7f7","color-social-feed-bg":"#ffffff","color-grid-sale":"#ffffff","color-grid-sale-bg":"#272727","color-grid-sold-out":"#ffffff","color-grid-sold-out-bg":"#cccccc","color-product-cart-button":"#f7f7f7","color-product-cart-button-bg":"#272727","color-product-cart-button-bg-hover":"#474747","color-tabs-accordions":"#ebebeb","sections":{"header":{"type":"header","settings":{"transparent-menu":false,"header-account-show":true,"header-menu-center":true,"menu":"main-menu","header-logo-center":true,"logo":"","logo-height":35}},"framework--footer":{"type":"framework--footer","blocks":{"footer--about":{"type":"about","settings":{"about-title":"Store"}},"footer--menu":{"type":"menu","settings":{"menu-title":"Info","menu":"footer"}},"footer--subscribe":{"type":"subscribe","settings":{"newsletter--heading":"Subscribe","subscribe--show-newsletter":true}}},"block_order":["footer--about","footer--menu","footer--subscribe"],"settings":{}},"product":{"type":"product","settings":{"product-breadcrumbs-show":true,"product-unavailable-form-show":true,"low-in-stock-amount":0,"product-modal-enabled":true,"cart-form-position":"left","product-size-chart-enabled":false,"product-size-chart-option":"size","product-size-chart-page-content":"","product-share-this-show":true,"product-share-twitter":true,"product-share-facebook":true,"product-share-pinterest":true}},"collection":{"type":"collection","settings":{"collections-breadcrumbs-show":true,"collections-tags-show":true,"collections-products-per-row":"4","mobile-items-per-row":"2"}},"1519177052247":{"type":"slideshow","blocks":{"1519177052247-0":{"type":"image","settings":{"image":"","slide-title":"Slideshow","slide-tagline":"Introduce your store or campaign with this slideshow section.","slide-link-url":"","slide-link-title":"Link to content","slide-y-pos":"middle","slide-x-pos":"left","slide-text-pos":"text-left"}},"1519177052247-1":{"type":"image","settings":{"image":"","slide-title":"Slideshow","slide-tagline":"Introduce your store or campaign with this slideshow section.","slide-link-url":"","slide-link-title":"Link to content","slide-y-pos":"middle","slide-x-pos":"left","slide-text-pos":"text-left"}}},"block_order":["1519177052247-0","1519177052247-1"],"settings":{"autoplay":true,"transition_style":"default","rotate-frequency-range":7}},"1519177108222":{"type":"framework--featured-content","settings":{"full-width":true,"background-color":"accent","text-position":"right","text-width":"small","overlap":false,"transparent-overlap":false,"alternative-color":false,"image":"","title":"Image with text","description":"<p>Use a combination of image and text to share information about your brand with your customers. Describe a product, share announcements, or welcome customers to your store<\/p>","link-url":"","link-text":""}},"1519177136360":{"type":"framework--featured-grid","blocks":{"1519177136360-0":{"type":"image","settings":{"image":"","title":"Grid image","link-url":""}},"1519177136360-1":{"type":"image","settings":{"image":"","title":"Grid image","link-url":""}},"1519177136360-2":{"type":"image","settings":{"image":"","title":"Grid image","link-url":""}},"1519177136360-3":{"type":"image","settings":{"image":"","title":"Grid image","link-url":""}},"1521155794713":{"type":"image","settings":{"image":"","title":"Grid image","link-url":""}},"1521155797117":{"type":"image","settings":{"image":"","title":"Grid image","link-url":""}}},"block_order":["1519177136360-0","1519177136360-1","1519177136360-2","1519177136360-3","1521155794713","1521155797117"],"settings":{"background-color":"none","full-width":false,"spacing":true,"alternative-color":false,"text-position":"center","width":3,"mobile-width":"2","title":"Featured grid","subtitle":"","link-url":"","link-text":""}},"1519177181912":{"type":"featured-collection","settings":{"background-color":"none","home-product-slider-collection":"","max_products":12}},"1519177213210":{"type":"framework--featured-content","settings":{"full-width":true,"background-color":"light","text-position":"center","text-width":"large","overlap":true,"transparent-overlap":true,"alternative-color":false,"image":"","title":"Image with text","description":"<p>Use a combination of image and text to share information about your brand with your customers. Describe a product, share announcements, or welcome customers to your store<\/p>","link-url":"","link-text":""}},"1519177316120":{"type":"framework--newsletter","settings":{"background-color":"none","heading":"Subscribe to our newsletter","newsletter--subheading":"<p>A short sentence describing what someone will receive by subscribing<\/p>"}},"1521155965634":{"type":"framework--featured-text","settings":{"background-color":"none","heading":"Talk about your brand","text":"<p>Use this text to share information about your brand with your customers. Describe a product, share announcements, or welcome customers to your store.<\/p>"}},"1521155972652":{"type":"framework--featured-video","settings":{"background-color":"light","heading":""}},"1521155992953":{"type":"framework--map","settings":{"api-key":"","map-address":"391 Sutter St, San Francisco","background-color":"light","theme":"grayscale","heading":"Map","address":"<p>391 Sutter St,<br>San Francisco<br>CA 94108, USA<br><br>(555) 555-5555<\/p>","hours":"<p>Monday - Friday<br>10am - 6pm<br><br>Saturday - Sunday<br>12pm - 5pm<\/p>","image":""}},"1521156071253":{"type":"framework--featured-content","settings":{"full-width":false,"background-color":"light","text-position":"left","text-width":"small","overlap":true,"transparent-overlap":false,"alternative-color":false,"image":"","title":"Image with text","description":"<p>Use a combination of image and text to share information about your brand with your customers. Describe a product, share announcements, or welcome customers to your store<\/p>","link-url":"","link-text":""}}},"content_for_index":["1519177052247","1519177181912","1519177108222","1519177136360","1519177213210","1521155965634","1521155972652","1521156071253","1519177316120","1521155992953"]},"Adorn":{"color--accent":"#f7f2f2","color-text":"#272727","color--alternative":"#ffffff","color-page-bg":"#ffffff","color-panel-bg":"#f7f7f7","color-border":"#ebebeb","color-error":"#f66767","color-button":"#ffffff","color-button-bg":"#272727","color-header-bg":"#ffffff","color-header":"#272727","color-header-cart":"#272727","bg-color--footer":"#f7f2f2","color--footer":"#272727","color-slider-caption":"#272727","color-slider-caption-bg":"#ffffff","color-slider-button":"#f7f7f7","color-slider-button-bg":"#272727","color-slider-nav":"#272727","color-grid-sale":"#ffffff","color-grid-sale-bg":"#272727","color-grid-sold-out":"#ffffff","color-grid-sold-out-bg":"#cccccc","color-tabs-accordions":"#ebebeb","typography--heading":"itc_caslon_no_224_n4","typography--heading--uppercase":false,"typography--heading--size":"large","typography--accent":"avenir_next_n4","typography--paragraph":"avenir_next_n4","typography--paragraph--size":"medium","sections":{"header":{"type":"header","settings":{"transparent-menu":false,"header-account-show":true,"header-menu-center":true,"menu":"main-menu","header-logo-center":true,"logo":"","logo-height":35}},"product":{"type":"product","settings":{"product-breadcrumbs-show":true,"product-unavailable-form-show":true,"low-in-stock-amount":0,"product-modal-enabled":true,"cart-form-position":"left","product-size-chart-enabled":false,"product-size-chart-option":"size","product-size-chart-page-content":"","product-share-this-show":true,"product-share-twitter":true,"product-share-facebook":true,"product-share-pinterest":true}},"collection":{"type":"collection","settings":{"collections-breadcrumbs-show":true,"collections-tags-show":true,"collections-products-per-row":"4","mobile-items-per-row":"2"}},"1519177052247":{"type":"slideshow","blocks":{"1519177052247-0":{"type":"image","settings":{"image":"","slide-title":"Slideshow","slide-tagline":"Introduce your store or campaign with this slideshow section.","slide-link-url":"","slide-link-title":"Link to content","slide-y-pos":"middle","slide-x-pos":"left","slide-text-pos":"text-left"}},"1519177052247-1":{"type":"image","settings":{"image":"","slide-title":"Slideshow","slide-tagline":"Introduce your store or campaign with this slideshow section.","slide-link-url":"","slide-link-title":"Link to content","slide-y-pos":"middle","slide-x-pos":"left","slide-text-pos":"text-left"}}},"block_order":["1519177052247-0","1519177052247-1"],"settings":{"autoplay":true,"transition_style":"default","rotate-frequency-range":7}},"1519177108222":{"type":"framework--featured-content","settings":{"full-width":true,"background-color":"accent","text-position":"right","text-width":"small","overlap":false,"transparent-overlap":false,"alternative-color":false,"image":"","title":"Image with text","description":"<p>Use a combination of image and text to share information about your brand with your customers. Describe a product, share announcements, or welcome customers to your store<\/p>","link-url":"","link-text":""}},"1519177136360":{"type":"framework--featured-grid","blocks":{"1519177136360-0":{"type":"image","settings":{"image":"","title":"Grid image","link-url":""}},"1519177136360-1":{"type":"image","settings":{"image":"","title":"Grid image","link-url":""}},"1519177136360-2":{"type":"image","settings":{"image":"","title":"Grid image","link-url":""}},"1519177136360-3":{"type":"image","settings":{"image":"","title":"Grid image","link-url":""}},"1521155794713":{"type":"image","settings":{"image":"","title":"Grid image","link-url":""}},"1521155797117":{"type":"image","settings":{"image":"","title":"Grid image","link-url":""}}},"block_order":["1519177136360-0","1519177136360-1","1519177136360-2","1519177136360-3","1521155794713","1521155797117"],"settings":{"background-color":"none","full-width":false,"spacing":true,"alternative-color":false,"text-position":"center","width":3,"mobile-width":"2","title":"Featured grid","subtitle":"","link-url":"","link-text":""}},"1519177181912":{"type":"featured-collection","settings":{"background-color":"none","home-product-slider-collection":"","max_products":12}},"1519177213210":{"type":"framework--featured-content","settings":{"full-width":true,"background-color":"light","text-position":"center","text-width":"large","overlap":true,"transparent-overlap":true,"alternative-color":false,"image":"","title":"Image with text","description":"<p>Use a combination of image and text to share information about your brand with your customers. Describe a product, share announcements, or welcome customers to your store<\/p>","link-url":"","link-text":""}},"1519177316120":{"type":"framework--newsletter","settings":{"background-color":"none","heading":"Subscribe to our newsletter","newsletter--subheading":"<p>A short sentence describing what someone will receive by subscribing<\/p>"}},"1521155965634":{"type":"framework--featured-text","settings":{"background-color":"none","heading":"Talk about your brand","text":"<p>Use this text to share information about your brand with your customers. Describe a product, share announcements, or welcome customers to your store.<\/p>"}},"1521155972652":{"type":"framework--featured-video","settings":{"background-color":"light","heading":""}},"1521155992953":{"type":"framework--map","settings":{"api-key":"","map-address":"391 Sutter St, San Francisco","background-color":"light","theme":"grayscale","heading":"Map","address":"<p>391 Sutter St,<br>San Francisco<br>CA 94108, USA<br><br>(555) 555-5555<\/p>","hours":"<p>Monday - Friday<br>10am - 6pm<br><br>Saturday - Sunday<br>12pm - 5pm<\/p>","image":""}},"1521156071253":{"type":"framework--featured-content","settings":{"full-width":false,"background-color":"light","text-position":"left","text-width":"small","overlap":true,"transparent-overlap":false,"alternative-color":false,"image":"","title":"Image with text","description":"<p>Use a combination of image and text to share information about your brand with your customers. Describe a product, share announcements, or welcome customers to your store<\/p>","link-url":"","link-text":""}}},"content_for_index":["1519177052247","1519177181912","1519177108222","1519177136360","1519177213210","1521155965634","1521155972652","1521156071253","1519177316120","1521155992953"]},"Summer":{"typography--heading":"gill_sans_nova_n4","typography--heading--uppercase":false,"typography--heading--size":"medium","typography--accent":"gill_sans_nova_n4","typography--paragraph":"gill_sans_nova_n4","typography--paragraph--size":"medium","color--accent":"#ffe0c8","color-text":"#444444","color--alternative":"#ffffff","color-page-bg":"#ffffff","color-panel-bg":"#f7f7f7","color-border":"#ebebeb","color-error":"#f66767","color-button":"#ffffff","color-button-bg":"#444444","color-header-bg":"#F7F7F7","color-header":"#444444","color-header-cart":"#444444","bg-color--footer":"#f7f7f7","color--footer":"#333333","color-slider-caption":"#444444","color-slider-caption-bg":"#ffffff","color-slider-button":"#f7f7f7","color-slider-button-bg":"#444444","color-slider-button-hover-bg":"#999999","color-slider-nav":"#444444","color-grid-sale":"#ffffff","color-grid-sale-bg":"#444444","color-grid-sold-out":"#ffffff","color-grid-sold-out-bg":"#cccccc","color-tabs-accordions":"#ebebeb","color-twitter-tone":"light","color-link":"#999999","color-link-hover":"#444444","color-text-alt":"#999999","color-button-bg-hover":"#777777","color-product-slider-bg":"#ffffff","color-featured-promo-bg":"#f7f7f7","color-social-feed-bg":"#ffffff","color-product-cart-button":"#f7f7f7","color-product-cart-button-bg":"#444444","color-product-cart-button-bg-hover":"#999999","sections":{"header":{"type":"header","settings":{"transparent-menu":false,"header-account-show":true,"header-menu-center":true,"menu":"main-menu","header-logo-center":true,"logo":"","logo-height":35}},"product":{"type":"product","settings":{"product-breadcrumbs-show":true,"product-unavailable-form-show":true,"low-in-stock-amount":0,"product-modal-enabled":true,"cart-form-position":"left","product-size-chart-enabled":false,"product-size-chart-option":"size","product-size-chart-page-content":"","product-share-this-show":true,"product-share-twitter":true,"product-share-facebook":true,"product-share-pinterest":true}},"collection":{"type":"collection","settings":{"collections-breadcrumbs-show":true,"collections-tags-show":true,"collections-products-per-row":"4","mobile-items-per-row":"2"}},"1519177052247":{"type":"slideshow","blocks":{"1519177052247-0":{"type":"image","settings":{"image":"","slide-title":"Slideshow","slide-tagline":"Introduce your store or campaign with this slideshow section.","slide-link-url":"","slide-link-title":"Link to content","slide-y-pos":"middle","slide-x-pos":"left","slide-text-pos":"text-left"}},"1519177052247-1":{"type":"image","settings":{"image":"","slide-title":"Slideshow","slide-tagline":"Introduce your store or campaign with this slideshow section.","slide-link-url":"","slide-link-title":"Link to content","slide-y-pos":"middle","slide-x-pos":"left","slide-text-pos":"text-left"}}},"block_order":["1519177052247-0","1519177052247-1"],"settings":{"autoplay":true,"transition_style":"default","rotate-frequency-range":7}},"1519177108222":{"type":"framework--featured-content","settings":{"full-width":true,"background-color":"accent","text-position":"right","text-width":"small","overlap":false,"transparent-overlap":false,"alternative-color":false,"image":"","title":"Image with text","description":"<p>Use a combination of image and text to share information about your brand with your customers. Describe a product, share announcements, or welcome customers to your store<\/p>","link-url":"","link-text":""}},"1519177136360":{"type":"framework--featured-grid","blocks":{"1519177136360-0":{"type":"image","settings":{"image":"","title":"Grid image","link-url":""}},"1519177136360-1":{"type":"image","settings":{"image":"","title":"Grid image","link-url":""}},"1519177136360-2":{"type":"image","settings":{"image":"","title":"Grid image","link-url":""}},"1519177136360-3":{"type":"image","settings":{"image":"","title":"Grid image","link-url":""}},"1521155794713":{"type":"image","settings":{"image":"","title":"Grid image","link-url":""}},"1521155797117":{"type":"image","settings":{"image":"","title":"Grid image","link-url":""}}},"block_order":["1519177136360-0","1519177136360-1","1519177136360-2","1519177136360-3","1521155794713","1521155797117"],"settings":{"background-color":"none","full-width":false,"spacing":true,"alternative-color":false,"text-position":"center","width":3,"mobile-width":"2","title":"Featured grid","subtitle":"","link-url":"","link-text":""}},"1519177181912":{"type":"featured-collection","settings":{"background-color":"none","home-product-slider-collection":"","max_products":12}},"1519177213210":{"type":"framework--featured-content","settings":{"full-width":true,"background-color":"light","text-position":"center","text-width":"large","overlap":true,"transparent-overlap":true,"alternative-color":false,"image":"","title":"Image with text","description":"<p>Use a combination of image and text to share information about your brand with your customers. Describe a product, share announcements, or welcome customers to your store<\/p>","link-url":"","link-text":""}},"1519177316120":{"type":"framework--newsletter","settings":{"background-color":"none","heading":"Subscribe to our newsletter","newsletter--subheading":"<p>A short sentence describing what someone will receive by subscribing<\/p>"}},"1521155965634":{"type":"framework--featured-text","settings":{"background-color":"none","heading":"Talk about your brand","text":"<p>Use this text to share information about your brand with your customers. Describe a product, share announcements, or welcome customers to your store.<\/p>"}},"1521155972652":{"type":"framework--featured-video","settings":{"background-color":"light","heading":""}},"1521155992953":{"type":"framework--map","settings":{"api-key":"","map-address":"391 Sutter St, San Francisco","background-color":"light","theme":"grayscale","heading":"Map","address":"<p>391 Sutter St,<br>San Francisco<br>CA 94108, USA<br><br>(555) 555-5555<\/p>","hours":"<p>Monday - Friday<br>10am - 6pm<br><br>Saturday - Sunday<br>12pm - 5pm<\/p>","image":""}},"1521156071253":{"type":"framework--featured-content","settings":{"full-width":false,"background-color":"light","text-position":"left","text-width":"small","overlap":true,"transparent-overlap":false,"alternative-color":false,"image":"","title":"Image with text","description":"<p>Use a combination of image and text to share information about your brand with your customers. Describe a product, share announcements, or welcome customers to your store<\/p>","link-url":"","link-text":""}}},"content_for_index":["1519177052247","1519177181912","1519177108222","1519177136360","1519177213210","1521155965634","1521155972652","1521156071253","1519177316120","1521155992953"]},"Deli":{"typography--heading":"futura_n4","typography--heading--uppercase":false,"typography--heading--size":"medium","typography--accent":"karla_n4","typography--paragraph":"karla_n4","typography--paragraph--size":"medium","color--accent":"#fff8d9","color-text":"#444444","color-text-alt":"#999999","color-page-bg":"#ffffff","color-panel-bg":"#f7f7f7","color-border":"#ebebeb","color-error":"#f66767","color-button":"#ffffff","color-button-bg":"#444444","color-button-bg-hover":"#777777","color-twitter-tone":"light","color-header-bg":"#f7f7f7","color-header":"#444444","color-header-cart":"#444444","bg-color--footer":"#f7f7f7","color--footer":"#333333","color-slider-caption":"#444444","color-slider-caption-bg":"#ffffff","color-slider-button":"#f7f7f7","color-slider-button-bg":"#444444","color-slider-button-hover-bg":"#999999","color-slider-nav":"#444444","color-product-slider-bg":"#ffffff","color-featured-promo-bg":"#f7f7f7","color-social-feed-bg":"#ffffff","color-grid-sale":"#ffffff","color-grid-sale-bg":"#444444","color-grid-sold-out":"#ffffff","color-grid-sold-out-bg":"#cccccc","color-product-cart-button":"#f7f7f7","color-product-cart-button-bg":"#444444","color-product-cart-button-bg-hover":"#999999","color-tabs-accordions":"#ebebeb","sections":{"header":{"type":"header","settings":{"transparent-menu":false,"header-account-show":true,"header-menu-center":true,"menu":"main-menu","header-logo-center":true,"logo":"","logo-height":35}},"product":{"type":"product","settings":{"product-breadcrumbs-show":true,"product-unavailable-form-show":true,"low-in-stock-amount":0,"product-modal-enabled":true,"cart-form-position":"left","product-size-chart-enabled":false,"product-size-chart-option":"size","product-size-chart-page-content":"","product-share-this-show":true,"product-share-twitter":true,"product-share-facebook":true,"product-share-pinterest":true}},"collection":{"type":"collection","settings":{"collections-breadcrumbs-show":true,"collections-tags-show":true,"collections-products-per-row":"4","mobile-items-per-row":"2"}},"1519177052247":{"type":"slideshow","blocks":{"1519177052247-0":{"type":"image","settings":{"image":"","slide-title":"Slideshow","slide-tagline":"Introduce your store or campaign with this slideshow section.","slide-link-url":"","slide-link-title":"Link to content","slide-y-pos":"middle","slide-x-pos":"left","slide-text-pos":"text-left"}},"1519177052247-1":{"type":"image","settings":{"image":"","slide-title":"Slideshow","slide-tagline":"Introduce your store or campaign with this slideshow section.","slide-link-url":"","slide-link-title":"Link to content","slide-y-pos":"middle","slide-x-pos":"left","slide-text-pos":"text-left"}}},"block_order":["1519177052247-0","1519177052247-1"],"settings":{"autoplay":true,"transition_style":"default","rotate-frequency-range":7}},"1519177108222":{"type":"framework--featured-content","settings":{"full-width":true,"background-color":"accent","text-position":"right","text-width":"small","overlap":false,"transparent-overlap":false,"alternative-color":false,"image":"","title":"Image with text","description":"<p>Use a combination of image and text to share information about your brand with your customers. Describe a product, share announcements, or welcome customers to your store<\/p>","link-url":"","link-text":""}},"1519177136360":{"type":"framework--featured-grid","blocks":{"1519177136360-0":{"type":"image","settings":{"image":"","title":"Grid image","link-url":""}},"1519177136360-1":{"type":"image","settings":{"image":"","title":"Grid image","link-url":""}},"1519177136360-2":{"type":"image","settings":{"image":"","title":"Grid image","link-url":""}},"1519177136360-3":{"type":"image","settings":{"image":"","title":"Grid image","link-url":""}},"1521155794713":{"type":"image","settings":{"image":"","title":"Grid image","link-url":""}},"1521155797117":{"type":"image","settings":{"image":"","title":"Grid image","link-url":""}}},"block_order":["1519177136360-0","1519177136360-1","1519177136360-2","1519177136360-3","1521155794713","1521155797117"],"settings":{"background-color":"none","full-width":false,"spacing":true,"alternative-color":false,"text-position":"center","width":3,"mobile-width":"2","title":"Featured grid","subtitle":"","link-url":"","link-text":""}},"1519177181912":{"type":"featured-collection","settings":{"background-color":"none","home-product-slider-collection":"","max_products":12}},"1519177213210":{"type":"framework--featured-content","settings":{"full-width":true,"background-color":"light","text-position":"center","text-width":"large","overlap":true,"transparent-overlap":true,"alternative-color":false,"image":"","title":"Image with text","description":"<p>Use a combination of image and text to share information about your brand with your customers. Describe a product, share announcements, or welcome customers to your store<\/p>","link-url":"","link-text":""}},"1519177316120":{"type":"framework--newsletter","settings":{"background-color":"none","heading":"Subscribe to our newsletter","newsletter--subheading":"<p>A short sentence describing what someone will receive by subscribing<\/p>"}},"1521155965634":{"type":"framework--featured-text","settings":{"background-color":"none","heading":"Talk about your brand","text":"<p>Use this text to share information about your brand with your customers. Describe a product, share announcements, or welcome customers to your store.<\/p>"}},"1521155972652":{"type":"framework--featured-video","settings":{"background-color":"light","heading":""}},"1521155992953":{"type":"framework--map","settings":{"api-key":"","map-address":"391 Sutter St, San Francisco","background-color":"light","theme":"grayscale","heading":"Map","address":"<p>391 Sutter St,<br>San Francisco<br>CA 94108, USA<br><br>(555) 555-5555<\/p>","hours":"<p>Monday - Friday<br>10am - 6pm<br><br>Saturday - Sunday<br>12pm - 5pm<\/p>","image":""}},"1521156071253":{"type":"framework--featured-content","settings":{"full-width":false,"background-color":"light","text-position":"left","text-width":"small","overlap":true,"transparent-overlap":false,"alternative-color":false,"image":"","title":"Image with text","description":"<p>Use a combination of image and text to share information about your brand with your customers. Describe a product, share announcements, or welcome customers to your store<\/p>","link-url":"","link-text":""}}},"content_for_index":["1519177052247","1519177181912","1519177108222","1519177136360","1519177213210","1521155965634","1521155972652","1521156071253","1519177316120","1521155992953"]}}}